<application>
  <component name="ProjectJdkTable">
    <jdk version="2">
      <name value="jbr-21" />
      <type value="JavaSDK" />
      <version value="JetBrains Runtime 21.0.6" />
      <homePath value="A:/java/jbr" />
      <roots>
        <annotationsPath>
          <root type="composite">
            <root url="jar://$APPLICATION_HOME_DIR$/plugins/java/lib/resources/jdkAnnotations.jar!/" type="simple" />
          </root>
        </annotationsPath>
        <classPath>
          <root type="composite">
            <root url="jrt://A:/java/jbr!/gluegen.rt" type="simple" />
            <root url="jrt://A:/java/jbr!/java.base" type="simple" />
            <root url="jrt://A:/java/jbr!/java.compiler" type="simple" />
            <root url="jrt://A:/java/jbr!/java.datatransfer" type="simple" />
            <root url="jrt://A:/java/jbr!/java.desktop" type="simple" />
            <root url="jrt://A:/java/jbr!/java.instrument" type="simple" />
            <root url="jrt://A:/java/jbr!/java.logging" type="simple" />
            <root url="jrt://A:/java/jbr!/java.management" type="simple" />
            <root url="jrt://A:/java/jbr!/java.management.rmi" type="simple" />
            <root url="jrt://A:/java/jbr!/java.naming" type="simple" />
            <root url="jrt://A:/java/jbr!/java.net.http" type="simple" />
            <root url="jrt://A:/java/jbr!/java.prefs" type="simple" />
            <root url="jrt://A:/java/jbr!/java.rmi" type="simple" />
            <root url="jrt://A:/java/jbr!/java.scripting" type="simple" />
            <root url="jrt://A:/java/jbr!/java.se" type="simple" />
            <root url="jrt://A:/java/jbr!/java.security.jgss" type="simple" />
            <root url="jrt://A:/java/jbr!/java.security.sasl" type="simple" />
            <root url="jrt://A:/java/jbr!/java.smartcardio" type="simple" />
            <root url="jrt://A:/java/jbr!/java.sql" type="simple" />
            <root url="jrt://A:/java/jbr!/java.sql.rowset" type="simple" />
            <root url="jrt://A:/java/jbr!/java.transaction.xa" type="simple" />
            <root url="jrt://A:/java/jbr!/java.xml" type="simple" />
            <root url="jrt://A:/java/jbr!/java.xml.crypto" type="simple" />
            <root url="jrt://A:/java/jbr!/jcef" type="simple" />
            <root url="jrt://A:/java/jbr!/jdk.accessibility" type="simple" />
            <root url="jrt://A:/java/jbr!/jdk.attach" type="simple" />
            <root url="jrt://A:/java/jbr!/jdk.charsets" type="simple" />
            <root url="jrt://A:/java/jbr!/jdk.compiler" type="simple" />
            <root url="jrt://A:/java/jbr!/jdk.crypto.cryptoki" type="simple" />
            <root url="jrt://A:/java/jbr!/jdk.crypto.ec" type="simple" />
            <root url="jrt://A:/java/jbr!/jdk.crypto.mscapi" type="simple" />
            <root url="jrt://A:/java/jbr!/jdk.dynalink" type="simple" />
            <root url="jrt://A:/java/jbr!/jdk.hotspot.agent" type="simple" />
            <root url="jrt://A:/java/jbr!/jdk.httpserver" type="simple" />
            <root url="jrt://A:/java/jbr!/jdk.internal.ed" type="simple" />
            <root url="jrt://A:/java/jbr!/jdk.internal.jvmstat" type="simple" />
            <root url="jrt://A:/java/jbr!/jdk.internal.le" type="simple" />
            <root url="jrt://A:/java/jbr!/jdk.internal.opt" type="simple" />
            <root url="jrt://A:/java/jbr!/jdk.internal.vm.ci" type="simple" />
            <root url="jrt://A:/java/jbr!/jdk.javadoc" type="simple" />
            <root url="jrt://A:/java/jbr!/jdk.jcmd" type="simple" />
            <root url="jrt://A:/java/jbr!/jdk.jdi" type="simple" />
            <root url="jrt://A:/java/jbr!/jdk.jdwp.agent" type="simple" />
            <root url="jrt://A:/java/jbr!/jdk.jfr" type="simple" />
            <root url="jrt://A:/java/jbr!/jdk.jsobject" type="simple" />
            <root url="jrt://A:/java/jbr!/jdk.localedata" type="simple" />
            <root url="jrt://A:/java/jbr!/jdk.management" type="simple" />
            <root url="jrt://A:/java/jbr!/jdk.management.agent" type="simple" />
            <root url="jrt://A:/java/jbr!/jdk.management.jfr" type="simple" />
            <root url="jrt://A:/java/jbr!/jdk.naming.dns" type="simple" />
            <root url="jrt://A:/java/jbr!/jdk.naming.rmi" type="simple" />
            <root url="jrt://A:/java/jbr!/jdk.net" type="simple" />
            <root url="jrt://A:/java/jbr!/jdk.sctp" type="simple" />
            <root url="jrt://A:/java/jbr!/jdk.security.auth" type="simple" />
            <root url="jrt://A:/java/jbr!/jdk.security.jgss" type="simple" />
            <root url="jrt://A:/java/jbr!/jdk.unsupported" type="simple" />
            <root url="jrt://A:/java/jbr!/jdk.unsupported.desktop" type="simple" />
            <root url="jrt://A:/java/jbr!/jdk.xml.dom" type="simple" />
            <root url="jrt://A:/java/jbr!/jdk.zipfs" type="simple" />
            <root url="jrt://A:/java/jbr!/jogl.all" type="simple" />
          </root>
        </classPath>
        <javadocPath>
          <root type="composite">
            <root url="https://docs.oracle.com/en/java/javase/21/docs/api/" type="simple" />
          </root>
        </javadocPath>
        <sourcePath>
          <root type="composite" />
        </sourcePath>
      </roots>
    </jdk>
  </component>
</application>